album,title
A bientot,15
사랑의 바보,15
사랑..그게 뭔데,15
사람 Pt.2 (feat. 아이유),15
사건의 지평선,15
빛이 나는 너에게,15
봄날,15
보금자리,15
물론,15
무지개,15
모래 알갱이,15
다정히 내 이름을 부르면,15
다시 만날 수 있을까,15
너의 모든 순간,15
나에게 그대만이,15
꽃,15
그중에 그대를 만나,15
건물 사이에 피어난 장미 (Rose Blossom),15
on the street (with J. Cole),15
Yogurt Shake,15
UNFORGIVEN (feat. Nile Rodgers),15
The Planet,15
That’s Not How This Works (feat. Dan + Shay),15
사랑은 늘 도망가,15
사랑인가 봐,15
ANTIFRAGILE,15
사랑하지 않아서 그랬어,15
해요 (2022),15
파이팅 해야지 (Feat. 이영지),15
파랑 (Blue Wave),15
퀸카 (Queencard),15
취중고백,15
첫 키스에 내 심장은 120BPM,15
제자리 걸음 (Starry Night),15
잠깐 시간 될까,15
인생찬가,15
이제 나만 믿어요,15
"이브, 프시케 그리고 푸른 수염의 아내",15
우리들의 블루스,15
연애편지,15
여름이 들려 (Summer Comes),15
아버지,15
심(心),15
손이 참 곱던 그대,15
손오공,15
사실말야내가말야그게그러니까말이야,15
사막에서 꽃을 피우듯,15
사랑해 진짜,15
Thats Hilarious,15
Teddy Bear,15
Take Two,15
Ditto,15
In Bloom,15
ISTJ,15
I Dont Think That I Like Her,15
I AM,15
Hype boy,15
Heaven(2023),15
Get Up,15
ETA,15
Dynamite,15
Dreamers [Music from the FIFA World Cup Qatar 2022 Official Soundtrack] (Feat. FIFA Sound),15
Dangerously,15
TOMBOY,15
Cupid,15
Cream Soda,15
Cool With You,15
Candy,15
Butter,15
Broken Melodies,15
Attention,15
Allergy,15
After LIKE,15
ASAP,15
KNOCK,15
Kitsch,15
LOVE DIVE,15
Like Crazy,15
Super Shy,15
Summer (Feat. BE’O (비오)),15
Still With You,15
Steal The Show (From “엘리멘탈”),15
Spicy,15
Skateboard,15
Seven (feat. Latto) - Clean Ver.,15
STAY,15
SOS,15
Pretzel (♡),15
Polaroid,15
Poison (모래성),15
Permission to Dance,15
OMG,15
Nxde,15
New Jeans,15
NIGHT DANCER,15
Monologue,15
London Boy,15
Like We Just Met,15
헤어지자 말해요,15
Thirsty,13
"잘 지내자, 우리 (여름날 우리 X 로이킴)",2
